patient_id,first_name,last_name,gender,date_of_birth,contact_number,address,registration_date,insurance_provider,insurance_number,email
P001,Aarav,Reddy,M,1955-06-04,9876543201,"H.No 12-3/4, Kukatpally, Hyderabad, Telangana - 500072",2022-06-23,StarHealth,INS840674,aarav.reddy@mail.com
P002,Keerthi,Sharma,F,1984-10-12,9123456701,"Plot 44, Madhapur, Hyderabad - 500081",2022-01-15,ApolloMunich,INS354079,keerthi.sharma@mail.com
P003,Harsha,Varma,M,1977-08-21,9345678123,"H.No 8-2/11, LB Nagar, Hyderabad - 500074",2022-02-07,DigitCare,INS650929,harsha.varma@mail.com
P004,Meghana,Chowdary,F,1981-02-20,9678452310,"Flat 203, Ameerpet, Hyderabad - 500016",2021-03-02,StarHealth,INS789944,meghana.chowdary@mail.com
P005,Arjun,Naidu,M,1960-06-23,7985462310,"H.No 1-98, Miyapur, Hyderabad - 500049",2021-09-29,CareHealth,INS788105,arjun.naidu@mail.com
P006,Deepika,Konidela,F,1963-06-16,9876504321,"H.No 2-44, Uppal, Hyderabad - 500039",2022-10-02,HDFC ERGO,INS613758,deepika.konidela@mail.com
P007,Gayathri,Rao,F,1989-06-08,9665782390,"Flat 501, Banjara Hills, Hyderabad - 500034",2021-12-25,ApolloMunich,INS465890,gayathri.rao@mail.com
P008,Rohan,Deshmukh,M,1976-07-05,7564321890,"H.No 5-22, Begumpet, Hyderabad - 500016",2021-05-25,StarHealth,INS545101,rohan.deshmukh@mail.com
P009,Sahana,Patil,F,1971-12-11,8097654321,"Plot 22, KPHB Colony, Hyderabad - 500085",2022-09-18,CareHealth,INS136631,sahana.patil@mail.com
P010,Aditya,Krishna,M,2001-10-13,9701265432,"H.No 7-6, Jubilee Hills, Hyderabad - 500033",2022-08-24,HDFC ERGO,INS866577,aditya.krishna@mail.com
P011,Nandini,Shetty,F,1966-12-04,9945678123,"H.No 10-22, Bowenpally, Hyderabad - 500011",2022-09-27,ApolloMunich,INS172991,nandini.shetty@mail.com
P012,Divya,Mandadi,F,1991-12-08,9487651203,"Near Bus Stand, Dilsukhnagar, Hyderabad - 500060",2023-04-27,CareHealth,INS104014,divya.mandadi@mail.com
P013,Chaitanya,Yadav,M,1990-03-28,9098765432,"H.No 6-7/11, Manikonda, Hyderabad - 500089",2021-12-23,StarHealth,INS373237,chaitanya.yadav@mail.com
P014,Vinay,Teja,M,1968-02-27,9845012345,"Flat 302, Bowenpally, Hyderabad - 500011",2023-12-12,HDFC ERGO,INS118070,vinay.teja@mail.com
P015,Ananya,Bollineni,F,1964-05-11,9345609871,"H.No 55, Uppal, Hyderabad - 500039",2021-09-25,StarHealth,INS922209,ananya.bollineni@mail.com
P016,Sai,Mallesh,M,2000-07-22,8688009988,"Street 4, Begumpet, Hyderabad - 500016",2021-07-23,ApolloMunich,INS156958,sai.mallesh@mail.com
P017,Pooja,Kolanu,F,1991-05-01,9034567812,"H.No 1-7/2, Tarnaka, Hyderabad - 500017",2022-09-26,StarHealth,INS182074,pooja.kolanu@mail.com
P018,Karthik,Rao,M,1979-09-24,9867543120,"Flat 401, Kachiguda, Hyderabad - 500027",2022-09-23,CareHealth,INS635017,karthik.rao@mail.com
P019,Neha,Burra,F,1975-05-24,9501234876,"H.No 22/1, Himayatnagar, Hyderabad - 500029",2023-06-24,StarHealth,INS855073,neha.burra@mail.com
P020,Shreya,Pathuri,F,2003-06-06,9007654321,"Flat 607, Mehdipatnam, Hyderabad - 500028",2022-04-03,ApolloMunich,INS276089,shreya.pathuri@mail.com
P021,Arvind,Challa,M,2002-03-01,9645123008,"H.No 1-2/3, Madhapur, Hyderabad - 500081",2022-01-19,StarHealth,INS297392,arvind.challa@mail.com
P022,Rajesh,Katkam,M,1955-05-10,9446012345,"Street 9, LB Nagar, Hyderabad - 500074",2021-05-11,ApolloMunich,INS258823,rajesh.katkam@mail.com
P023,Lasya,Myneni,F,1994-02-22,9398654321,"H.No 8-11/5, Koti, Hyderabad - 500095",2021-12-27,StarHealth,INS730152,lasya.myneni@mail.com
P024,Swathi,Paladugu,F,1991-11-04,9876001234,"Flat 220, Tarnaka, Hyderabad - 500017",2021-09-02,StarHealth,INS493002,swathi.paladugu@mail.com
P025,Rishi,Addanki,M,1966-08-14,9340012345,"H.No 3-4/12, Kukatpally, Hyderabad - 500072",2021-09-09,HDFC ERGO,INS833429,rishi.addanki@mail.com
P026,Joel,Manoj,M,2003-11-28,9701239800,"Plot 12, Ameerpet, Hyderabad - 500016",2021-05-13,ApolloMunich,INS598863,joel.manoj@mail.com
P027,Keerthana,Rao,F,1998-06-29,9392501234,"H.No 2-99, Uppal, Hyderabad - 500039",2021-08-15,HDFC ERGO,INS467654,keerthana.rao@mail.com
P028,Akhil,Kilaru,M,1993-04-13,9543217800,"Flat 502, Kondapur, Hyderabad - 500084",2023-05-20,ApolloMunich,INS679036,akhil.kilaru@mail.com
P029,Suman,Devulapalli,M,2005-05-15,8795432109,"H.No 8-2/44, Miyapur, Hyderabad - 500049",2023-04-19,StarHealth,INS630089,suman.devulapalli@mail.com
P030,Anusha,Karumuri,F,1964-12-23,9876532100,"Near Temple, Dilsukhnagar, Hyderabad - 500060",2021-08-07,CareHealth,INS250262,anusha.karumuri@mail.com
P031,Nikhil,Gollapudi,M,1987-01-14,9908765432,"H.No 4-6/9, Bowenpally, Hyderabad - 500011",2022-06-28,StarHealth,INS542905,nikhil.gollapudi@mail.com
P032,Alekhya,Annadata,F,1981-01-08,9765432180,"Flat 104, KPHB Colony, Hyderabad - 500072",2021-10-02,ApolloMunich,INS335362,alekhya.annadata@mail.com
P033,Rajitha,Mulpuri,F,1970-02-06,9090012345,"Plot 77, Himayatnagar, Hyderabad - 500029",2023-09-06,ApolloMunich,INS544209,rajitha.mulpuri@mail.com
P034,Varun,Koppula,M,1950-01-26,9345670012,"H.No 4-1/3, Lakdikapul, Hyderabad - 500004",2023-06-18,StarHealth,INS653880,varun.koppula@mail.com
P035,Santhosh,Narla,M,1993-04-13,9754321009,"H.No 6-88/4, Tarnaka, Hyderabad - 500017",2023-07-09,ApolloMunich,INS897079,santhosh.narla@mail.com
P036,Ritesh,Medapati,M,1997-12-26,9912345678,"Flat 404, Manikonda, Hyderabad - 500089",2022-10-04,ApolloMunich,INS764076,ritesh.medapati@mail.com
P037,Manoj,Burra,M,1999-02-05,9087654302,"Street 2, Begumpet, Hyderabad - 500016",2021-09-30,HDFC ERGO,INS319963,manoj.burra@mail.com
P038,Yashwanth,Vanga,M,1991-06-25,7894501234,"H.No 7-4/1, Kondapur, Hyderabad - 500084",2021-04-19,ApolloMunich,INS580761,yashwanth.vanga@mail.com
P039,Kavya,Thanniru,F,1950-12-12,9123498765,"Flat 209, Mehdipatnam, Hyderabad - 500028",2021-03-09,CareHealth,INS348710,kavya.thanniru@mail.com
P040,Anil,Chilakalapudi,M,1972-05-30,9678123400,"H.No 11-4/9, KPHB, Hyderabad - 500085",2021-10-16,CareHealth,INS320984,anil.chilakalapudi@mail.com
P041,Praveen,Kotla,M,1951-06-19,8897543201,"H.No 9-1/44, Uppal, Hyderabad - 500039",2022-07-16,StarHealth,INS997059,praveen.kotla@mail.com
P042,Vijaya,Lankapalli,F,1954-08-22,9900123456,"H.No 3-2/98, LB Nagar, Hyderabad - 500074",2022-03-15,ApolloMunich,INS956748,vijaya.lankapalli@mail.com
P043,Bhavana,Peddinti,F,1980-03-25,7890654321,"H.No 7-92, Manikonda, Hyderabad - 500089",2022-07-18,StarHealth,INS882355,bhavana.peddinti@mail.com
P044,Sameer,Donthi,M,1976-03-11,9398765401,"Flat 702, Gachibowli, Hyderabad - 500032",2023-01-26,ApolloMunich,INS364512,sameer.donthi@mail.com
P045,Sunitha,Rangineni,F,1966-04-25,9988776655,"H.No 88-12, Himayatnagar, Hyderabad - 500029",2021-01-23,CareHealth,INS701863,sunitha.rangineni@mail.com
P046,Rahul,Addepalli,M,1986-09-01,9032145678,"Plot 55, Koti, Hyderabad - 500095",2021-07-31,ApolloMunich,INS368799,rahul.addepalli@mail.com
P047,Harini,Kakumanu,F,1995-12-13,9445567890,"H.No 4-44/2, Bowenpally, Hyderabad - 500011",2022-05-20,StarHealth,INS337549,harini.kakumanu@mail.com
P048,Vijay,Balija,M,1983-03-24,9700008765,"Flat 611, Madhapur, Hyderabad - 500081",2023-06-19,DigitCare,INS694319,vijay.balija@mail.com
P049,Abhinav,Kolisetti,M,1972-11-26,8796541230,"H.No 3-33/7, Ameerpet, Hyderabad - 500016",2023-06-14,ApolloMunich,INS584299,abhinav.kolisetti@mail.com
P050,Mythri,Yelamanchi,F,1993-12-27,9321456709,"H.No 5-7/66, Kondapur, Hyderabad - 500084",2023-04-28,StarHealth,INS712210,mythri.yelamanchi@mail.com
